timestamp,price_eur_mwh,country,zone
2024-12-31 23:00:00,2.16,Germany,DE-LU
2025-01-01 00:00:00,1.6,Germany,DE-LU
2025-01-01 01:00:00,0.0,Germany,DE-LU
2025-01-01 02:00:00,-0.01,Germany,DE-LU
2025-01-01 03:00:00,-0.01,Germany,DE-LU
2025-01-01 04:00:00,-0.06,Germany,DE-LU
2025-01-01 05:00:00,-0.09,Germany,DE-LU
2025-01-01 06:00:00,-0.01,Germany,DE-LU
2025-01-01 07:00:00,-0.01,Germany,DE-LU
2025-01-01 08:00:00,-0.04,Germany,DE-LU
2025-01-01 09:00:00,-0.03,Germany,DE-LU
2025-01-01 10:00:00,-0.1,Germany,DE-LU
2025-01-01 11:00:00,-0.05,Germany,DE-LU
2025-01-01 12:00:00,-0.1,Germany,DE-LU
2025-01-01 13:00:00,-1.01,Germany,DE-LU
2025-01-01 14:00:00,-0.01,Germany,DE-LU
2025-01-01 15:00:00,-0.01,Germany,DE-LU
2025-01-01 16:00:00,0.07,Germany,DE-LU
2025-01-01 17:00:00,1.01,Germany,DE-LU
2025-01-01 18:00:00,1.48,Germany,DE-LU
2025-01-01 19:00:00,1.0,Germany,DE-LU
2025-01-01 20:00:00,0.07,Germany,DE-LU
2025-01-01 21:00:00,10.05,Germany,DE-LU
2025-01-01 22:00:00,7.01,Germany,DE-LU
2025-01-01 23:00:00,2.55,Germany,DE-LU
2025-01-02 00:00:00,1.56,Germany,DE-LU
2025-01-02 01:00:00,3.45,Germany,DE-LU
2025-01-02 02:00:00,7.02,Germany,DE-LU
2025-01-02 03:00:00,12.75,Germany,DE-LU
2025-01-02 04:00:00,30.07,Germany,DE-LU
2025-01-02 05:00:00,67.13,Germany,DE-LU
2025-01-02 06:00:00,98.83,Germany,DE-LU
2025-01-02 07:00:00,121.53,Germany,DE-LU
2025-01-02 08:00:00,127.23,Germany,DE-LU
2025-01-02 09:00:00,126.35,Germany,DE-LU
2025-01-02 10:00:00,119.97,Germany,DE-LU
2025-01-02 11:00:00,115.95,Germany,DE-LU
2025-01-02 12:00:00,113.9,Germany,DE-LU
2025-01-02 13:00:00,122.21,Germany,DE-LU
2025-01-02 14:00:00,130.11,Germany,DE-LU
2025-01-02 15:00:00,138.59,Germany,DE-LU
2025-01-02 16:00:00,152.87,Germany,DE-LU
2025-01-02 17:00:00,152.94,Germany,DE-LU
2025-01-02 18:00:00,139.15,Germany,DE-LU
2025-01-02 19:00:00,130.0,Germany,DE-LU
2025-01-02 20:00:00,119.78,Germany,DE-LU
2025-01-02 21:00:00,113.42,Germany,DE-LU
2025-01-02 22:00:00,82.47,Germany,DE-LU
2025-01-02 23:00:00,99.56,Germany,DE-LU
2025-01-03 00:00:00,87.53,Germany,DE-LU
2025-01-03 01:00:00,85.01,Germany,DE-LU
2025-01-03 02:00:00,83.79,Germany,DE-LU
2025-01-03 03:00:00,77.5,Germany,DE-LU
2025-01-03 04:00:00,79.88,Germany,DE-LU
2025-01-03 05:00:00,83.56,Germany,DE-LU
2025-01-03 06:00:00,78.43,Germany,DE-LU
2025-01-03 07:00:00,82.57,Germany,DE-LU
2025-01-03 08:00:00,80.76,Germany,DE-LU
2025-01-03 09:00:00,77.64,Germany,DE-LU
2025-01-03 10:00:00,70.48,Germany,DE-LU
2025-01-03 11:00:00,69.94,Germany,DE-LU
2025-01-03 12:00:00,77.8,Germany,DE-LU
2025-01-03 13:00:00,78.81,Germany,DE-LU
2025-01-03 14:00:00,85.29,Germany,DE-LU
2025-01-03 15:00:00,105.51,Germany,DE-LU
2025-01-03 16:00:00,116.66,Germany,DE-LU
2025-01-03 17:00:00,115.06,Germany,DE-LU
2025-01-03 18:00:00,114.91,Germany,DE-LU
2025-01-03 19:00:00,113.3,Germany,DE-LU
2025-01-03 20:00:00,107.8,Germany,DE-LU
2025-01-03 21:00:00,98.22,Germany,DE-LU
2025-01-03 22:00:00,88.57,Germany,DE-LU
2025-01-03 23:00:00,90.43,Germany,DE-LU
2025-01-04 00:00:00,90.29,Germany,DE-LU
2025-01-04 01:00:00,90.2,Germany,DE-LU
2025-01-04 02:00:00,91.52,Germany,DE-LU
2025-01-04 03:00:00,95.95,Germany,DE-LU
2025-01-04 04:00:00,102.11,Germany,DE-LU
2025-01-04 05:00:00,110.66,Germany,DE-LU
2025-01-04 06:00:00,119.96,Germany,DE-LU
2025-01-04 07:00:00,128.39,Germany,DE-LU
2025-01-04 08:00:00,130.75,Germany,DE-LU
2025-01-04 09:00:00,130.34,Germany,DE-LU
2025-01-04 10:00:00,128.29,Germany,DE-LU
2025-01-04 11:00:00,130.03,Germany,DE-LU
2025-01-04 12:00:00,129.85,Germany,DE-LU
2025-01-04 13:00:00,136.4,Germany,DE-LU
2025-01-04 14:00:00,138.72,Germany,DE-LU
2025-01-04 15:00:00,142.0,Germany,DE-LU
2025-01-04 16:00:00,151.24,Germany,DE-LU
2025-01-04 17:00:00,143.85,Germany,DE-LU
2025-01-04 18:00:00,137.96,Germany,DE-LU
2025-01-04 19:00:00,129.49,Germany,DE-LU
2025-01-04 20:00:00,122.83,Germany,DE-LU
2025-01-04 21:00:00,118.29,Germany,DE-LU
2025-01-04 22:00:00,109.49,Germany,DE-LU
2025-01-04 23:00:00,113.84,Germany,DE-LU
2025-01-05 00:00:00,100.33,Germany,DE-LU
2025-01-05 01:00:00,93.61,Germany,DE-LU
2025-01-05 02:00:00,93.87,Germany,DE-LU
2025-01-05 03:00:00,89.38,Germany,DE-LU
2025-01-05 04:00:00,83.55,Germany,DE-LU
2025-01-05 05:00:00,83.92,Germany,DE-LU
2025-01-05 06:00:00,82.53,Germany,DE-LU
2025-01-05 07:00:00,84.05,Germany,DE-LU
2025-01-05 08:00:00,89.15,Germany,DE-LU
2025-01-05 09:00:00,82.95,Germany,DE-LU
2025-01-05 10:00:00,88.82,Germany,DE-LU
2025-01-05 11:00:00,81.66,Germany,DE-LU
2025-01-05 12:00:00,78.39,Germany,DE-LU
2025-01-05 13:00:00,68.0,Germany,DE-LU
2025-01-05 14:00:00,50.64,Germany,DE-LU
2025-01-05 15:00:00,49.91,Germany,DE-LU
2025-01-05 16:00:00,66.3,Germany,DE-LU
2025-01-05 17:00:00,65.05,Germany,DE-LU
2025-01-05 18:00:00,51.28,Germany,DE-LU
2025-01-05 19:00:00,36.85,Germany,DE-LU
2025-01-05 20:00:00,36.8,Germany,DE-LU
2025-01-05 21:00:00,34.68,Germany,DE-LU
2025-01-05 22:00:00,28.14,Germany,DE-LU
2025-01-05 23:00:00,27.52,Germany,DE-LU
2025-01-06 00:00:00,19.26,Germany,DE-LU
2025-01-06 01:00:00,11.35,Germany,DE-LU
2025-01-06 02:00:00,9.2,Germany,DE-LU
2025-01-06 03:00:00,10.0,Germany,DE-LU
2025-01-06 04:00:00,14.81,Germany,DE-LU
2025-01-06 05:00:00,23.82,Germany,DE-LU
2025-01-06 06:00:00,31.72,Germany,DE-LU
2025-01-06 07:00:00,41.37,Germany,DE-LU
2025-01-06 08:00:00,36.36,Germany,DE-LU
2025-01-06 09:00:00,34.69,Germany,DE-LU
2025-01-06 10:00:00,32.83,Germany,DE-LU
2025-01-06 11:00:00,31.28,Germany,DE-LU
2025-01-06 12:00:00,28.6,Germany,DE-LU
2025-01-06 13:00:00,25.61,Germany,DE-LU
2025-01-06 14:00:00,26.32,Germany,DE-LU
2025-01-06 15:00:00,26.87,Germany,DE-LU
2025-01-06 16:00:00,31.66,Germany,DE-LU
2025-01-06 17:00:00,31.58,Germany,DE-LU
2025-01-06 18:00:00,28.74,Germany,DE-LU
2025-01-06 19:00:00,26.59,Germany,DE-LU
2025-01-06 20:00:00,13.82,Germany,DE-LU
2025-01-06 21:00:00,26.94,Germany,DE-LU
2025-01-06 22:00:00,12.99,Germany,DE-LU
2025-01-06 23:00:00,19.07,Germany,DE-LU
2025-01-07 00:00:00,8.71,Germany,DE-LU
2025-01-07 01:00:00,8.9,Germany,DE-LU
2025-01-07 02:00:00,5.01,Germany,DE-LU
2025-01-07 03:00:00,5.13,Germany,DE-LU
2025-01-07 04:00:00,5.8,Germany,DE-LU
2025-01-07 05:00:00,48.86,Germany,DE-LU
2025-01-07 06:00:00,76.83,Germany,DE-LU
2025-01-07 07:00:00,85.08,Germany,DE-LU
2025-01-07 08:00:00,84.24,Germany,DE-LU
2025-01-07 09:00:00,75.25,Germany,DE-LU
2025-01-07 10:00:00,62.8,Germany,DE-LU
2025-01-07 11:00:00,62.44,Germany,DE-LU
2025-01-07 12:00:00,63.9,Germany,DE-LU
2025-01-07 13:00:00,72.56,Germany,DE-LU
2025-01-07 14:00:00,78.11,Germany,DE-LU
2025-01-07 15:00:00,79.98,Germany,DE-LU
2025-01-07 16:00:00,96.03,Germany,DE-LU
2025-01-07 17:00:00,101.11,Germany,DE-LU
2025-01-07 18:00:00,86.21,Germany,DE-LU
2025-01-07 19:00:00,78.01,Germany,DE-LU
2025-01-07 20:00:00,72.45,Germany,DE-LU
2025-01-07 21:00:00,72.45,Germany,DE-LU
2025-01-07 22:00:00,50.04,Germany,DE-LU
2024-12-31 23:00:00,2.16,Denmark_West,DK1
2025-01-01 00:00:00,1.6,Denmark_West,DK1
2025-01-01 01:00:00,1.63,Denmark_West,DK1
2025-01-01 02:00:00,1.09,Denmark_West,DK1
2025-01-01 03:00:00,0.47,Denmark_West,DK1
2025-01-01 04:00:00,0.0,Denmark_West,DK1
2025-01-01 05:00:00,0.76,Denmark_West,DK1
2025-01-01 06:00:00,0.79,Denmark_West,DK1
2025-01-01 07:00:00,1.89,Denmark_West,DK1
2025-01-01 08:00:00,2.12,Denmark_West,DK1
2025-01-01 09:00:00,3.54,Denmark_West,DK1
2025-01-01 10:00:00,3.7,Denmark_West,DK1
2025-01-01 11:00:00,3.75,Denmark_West,DK1
2025-01-01 12:00:00,3.81,Denmark_West,DK1
2025-01-01 13:00:00,5.37,Denmark_West,DK1
2025-01-01 14:00:00,12.28,Denmark_West,DK1
2025-01-01 15:00:00,19.72,Denmark_West,DK1
2025-01-01 16:00:00,22.18,Denmark_West,DK1
2025-01-01 17:00:00,17.44,Denmark_West,DK1
2025-01-01 18:00:00,10.2,Denmark_West,DK1
2025-01-01 19:00:00,8.0,Denmark_West,DK1
2025-01-01 20:00:00,6.73,Denmark_West,DK1
2025-01-01 21:00:00,10.05,Denmark_West,DK1
2025-01-01 22:00:00,7.01,Denmark_West,DK1
2025-01-01 23:00:00,2.83,Denmark_West,DK1
2025-01-02 00:00:00,2.7,Denmark_West,DK1
2025-01-02 01:00:00,3.57,Denmark_West,DK1
2025-01-02 02:00:00,7.02,Denmark_West,DK1
2025-01-02 03:00:00,12.75,Denmark_West,DK1
2025-01-02 04:00:00,30.07,Denmark_West,DK1
2025-01-02 05:00:00,67.13,Denmark_West,DK1
2025-01-02 06:00:00,98.83,Denmark_West,DK1
2025-01-02 07:00:00,121.53,Denmark_West,DK1
2025-01-02 08:00:00,127.23,Denmark_West,DK1
2025-01-02 09:00:00,124.53,Denmark_West,DK1
2025-01-02 10:00:00,111.58,Denmark_West,DK1
2025-01-02 11:00:00,100.4,Denmark_West,DK1
2025-01-02 12:00:00,105.1,Denmark_West,DK1
2025-01-02 13:00:00,111.21,Denmark_West,DK1
2025-01-02 14:00:00,126.18,Denmark_West,DK1
2025-01-02 15:00:00,135.26,Denmark_West,DK1
2025-01-02 16:00:00,149.73,Denmark_West,DK1
2025-01-02 17:00:00,145.27,Denmark_West,DK1
2025-01-02 18:00:00,107.37,Denmark_West,DK1
2025-01-02 19:00:00,102.6,Denmark_West,DK1
2025-01-02 20:00:00,77.94,Denmark_West,DK1
2025-01-02 21:00:00,65.66,Denmark_West,DK1
2025-01-02 22:00:00,49.77,Denmark_West,DK1
2025-01-02 23:00:00,42.69,Denmark_West,DK1
2025-01-03 00:00:00,38.13,Denmark_West,DK1
2025-01-03 01:00:00,35.21,Denmark_West,DK1
2025-01-03 02:00:00,33.43,Denmark_West,DK1
2025-01-03 03:00:00,28.73,Denmark_West,DK1
2025-01-03 04:00:00,31.28,Denmark_West,DK1
2025-01-03 05:00:00,38.44,Denmark_West,DK1
2025-01-03 06:00:00,52.12,Denmark_West,DK1
2025-01-03 07:00:00,80.28,Denmark_West,DK1
2025-01-03 08:00:00,75.01,Denmark_West,DK1
2025-01-03 09:00:00,75.43,Denmark_West,DK1
2025-01-03 10:00:00,62.36,Denmark_West,DK1
2025-01-03 11:00:00,53.89,Denmark_West,DK1
2025-01-03 12:00:00,52.39,Denmark_West,DK1
2025-01-03 13:00:00,53.65,Denmark_West,DK1
2025-01-03 14:00:00,72.38,Denmark_West,DK1
2025-01-03 15:00:00,100.31,Denmark_West,DK1
2025-01-03 16:00:00,105.43,Denmark_West,DK1
2025-01-03 17:00:00,108.09,Denmark_West,DK1
2025-01-03 18:00:00,100.36,Denmark_West,DK1
2025-01-03 19:00:00,81.78,Denmark_West,DK1
2025-01-03 20:00:00,80.49,Denmark_West,DK1
2025-01-03 21:00:00,67.12,Denmark_West,DK1
2025-01-03 22:00:00,74.95,Denmark_West,DK1
2025-01-03 23:00:00,90.43,Denmark_West,DK1
2025-01-04 00:00:00,90.29,Denmark_West,DK1
2025-01-04 01:00:00,90.2,Denmark_West,DK1
2025-01-04 02:00:00,91.52,Denmark_West,DK1
2025-01-04 03:00:00,95.95,Denmark_West,DK1
2025-01-04 04:00:00,102.11,Denmark_West,DK1
2025-01-04 05:00:00,110.66,Denmark_West,DK1
2025-01-04 06:00:00,119.96,Denmark_West,DK1
2025-01-04 07:00:00,128.39,Denmark_West,DK1
2025-01-04 08:00:00,130.75,Denmark_West,DK1
2025-01-04 09:00:00,130.34,Denmark_West,DK1
2025-01-04 10:00:00,128.29,Denmark_West,DK1
2025-01-04 11:00:00,130.03,Denmark_West,DK1
2025-01-04 12:00:00,129.85,Denmark_West,DK1
2025-01-04 13:00:00,136.4,Denmark_West,DK1
2025-01-04 14:00:00,138.72,Denmark_West,DK1
2025-01-04 15:00:00,142.0,Denmark_West,DK1
2025-01-04 16:00:00,151.24,Denmark_West,DK1
2025-01-04 17:00:00,143.85,Denmark_West,DK1
2025-01-04 18:00:00,137.96,Denmark_West,DK1
2025-01-04 19:00:00,129.49,Denmark_West,DK1
2025-01-04 20:00:00,122.83,Denmark_West,DK1
2025-01-04 21:00:00,118.29,Denmark_West,DK1
2025-01-04 22:00:00,109.49,Denmark_West,DK1
2025-01-04 23:00:00,113.84,Denmark_West,DK1
2025-01-05 00:00:00,100.33,Denmark_West,DK1
2025-01-05 01:00:00,93.61,Denmark_West,DK1
2025-01-05 02:00:00,93.87,Denmark_West,DK1
2025-01-05 03:00:00,89.38,Denmark_West,DK1
2025-01-05 04:00:00,83.55,Denmark_West,DK1
2025-01-05 05:00:00,83.92,Denmark_West,DK1
2025-01-05 06:00:00,82.53,Denmark_West,DK1
2025-01-05 07:00:00,84.05,Denmark_West,DK1
2025-01-05 08:00:00,88.1,Denmark_West,DK1
2025-01-05 09:00:00,82.95,Denmark_West,DK1
2025-01-05 10:00:00,88.82,Denmark_West,DK1
2025-01-05 11:00:00,81.66,Denmark_West,DK1
2025-01-05 12:00:00,77.53,Denmark_West,DK1
2025-01-05 13:00:00,68.0,Denmark_West,DK1
2025-01-05 14:00:00,50.64,Denmark_West,DK1
2025-01-05 15:00:00,49.91,Denmark_West,DK1
2025-01-05 16:00:00,63.39,Denmark_West,DK1
2025-01-05 17:00:00,61.83,Denmark_West,DK1
2025-01-05 18:00:00,50.65,Denmark_West,DK1
2025-01-05 19:00:00,36.85,Denmark_West,DK1
2025-01-05 20:00:00,36.72,Denmark_West,DK1
2025-01-05 21:00:00,34.68,Denmark_West,DK1
2025-01-05 22:00:00,28.14,Denmark_West,DK1
2025-01-05 23:00:00,27.52,Denmark_West,DK1
2025-01-06 00:00:00,19.26,Denmark_West,DK1
2025-01-06 01:00:00,11.35,Denmark_West,DK1
2025-01-06 02:00:00,9.2,Denmark_West,DK1
2025-01-06 03:00:00,10.0,Denmark_West,DK1
2025-01-06 04:00:00,14.81,Denmark_West,DK1
2025-01-06 05:00:00,23.82,Denmark_West,DK1
2025-01-06 06:00:00,31.72,Denmark_West,DK1
2025-01-06 07:00:00,39.58,Denmark_West,DK1
2025-01-06 08:00:00,36.08,Denmark_West,DK1
2025-01-06 09:00:00,34.69,Denmark_West,DK1
2025-01-06 10:00:00,32.83,Denmark_West,DK1
2025-01-06 11:00:00,31.28,Denmark_West,DK1
2025-01-06 12:00:00,28.6,Denmark_West,DK1
2025-01-06 13:00:00,25.61,Denmark_West,DK1
2025-01-06 14:00:00,26.32,Denmark_West,DK1
2025-01-06 15:00:00,26.87,Denmark_West,DK1
2025-01-06 16:00:00,31.66,Denmark_West,DK1
2025-01-06 17:00:00,31.58,Denmark_West,DK1
2025-01-06 18:00:00,28.01,Denmark_West,DK1
2025-01-06 19:00:00,24.86,Denmark_West,DK1
2025-01-06 20:00:00,13.82,Denmark_West,DK1
2025-01-06 21:00:00,20.42,Denmark_West,DK1
2025-01-06 22:00:00,10.11,Denmark_West,DK1
2025-01-06 23:00:00,13.6,Denmark_West,DK1
2025-01-07 00:00:00,8.71,Denmark_West,DK1
2025-01-07 01:00:00,8.9,Denmark_West,DK1
2025-01-07 02:00:00,5.01,Denmark_West,DK1
2025-01-07 03:00:00,5.13,Denmark_West,DK1
2025-01-07 04:00:00,5.8,Denmark_West,DK1
2025-01-07 05:00:00,44.81,Denmark_West,DK1
2025-01-07 06:00:00,38.03,Denmark_West,DK1
2025-01-07 07:00:00,37.2,Denmark_West,DK1
2025-01-07 08:00:00,35.01,Denmark_West,DK1
2025-01-07 09:00:00,34.27,Denmark_West,DK1
2025-01-07 10:00:00,34.65,Denmark_West,DK1
2025-01-07 11:00:00,33.33,Denmark_West,DK1
2025-01-07 12:00:00,33.27,Denmark_West,DK1
2025-01-07 13:00:00,33.28,Denmark_West,DK1
2025-01-07 14:00:00,33.25,Denmark_West,DK1
2025-01-07 15:00:00,35.05,Denmark_West,DK1
2025-01-07 16:00:00,38.45,Denmark_West,DK1
2025-01-07 17:00:00,35.01,Denmark_West,DK1
2025-01-07 18:00:00,33.18,Denmark_West,DK1
2025-01-07 19:00:00,25.2,Denmark_West,DK1
2025-01-07 20:00:00,20.02,Denmark_West,DK1
2025-01-07 21:00:00,22.6,Denmark_West,DK1
2025-01-07 22:00:00,37.18,Denmark_West,DK1
2024-12-31 23:00:00,2.54,Denmark_East,DK2
2025-01-01 00:00:00,1.93,Denmark_East,DK2
2025-01-01 01:00:00,1.93,Denmark_East,DK2
2025-01-01 02:00:00,1.43,Denmark_East,DK2
2025-01-01 03:00:00,1.04,Denmark_East,DK2
2025-01-01 04:00:00,2.28,Denmark_East,DK2
2025-01-01 05:00:00,1.15,Denmark_East,DK2
2025-01-01 06:00:00,1.35,Denmark_East,DK2
2025-01-01 07:00:00,2.26,Denmark_East,DK2
2025-01-01 08:00:00,2.54,Denmark_East,DK2
2025-01-01 09:00:00,3.54,Denmark_East,DK2
2025-01-01 10:00:00,3.7,Denmark_East,DK2
2025-01-01 11:00:00,3.75,Denmark_East,DK2
2025-01-01 12:00:00,3.81,Denmark_East,DK2
2025-01-01 13:00:00,5.37,Denmark_East,DK2
2025-01-01 14:00:00,12.28,Denmark_East,DK2
2025-01-01 15:00:00,19.4,Denmark_East,DK2
2025-01-01 16:00:00,21.63,Denmark_East,DK2
2025-01-01 17:00:00,17.03,Denmark_East,DK2
2025-01-01 18:00:00,10.13,Denmark_East,DK2
2025-01-01 19:00:00,8.0,Denmark_East,DK2
2025-01-01 20:00:00,6.73,Denmark_East,DK2
2025-01-01 21:00:00,9.84,Denmark_East,DK2
2025-01-01 22:00:00,7.01,Denmark_East,DK2
2025-01-01 23:00:00,2.84,Denmark_East,DK2
2025-01-02 00:00:00,2.7,Denmark_East,DK2
2025-01-02 01:00:00,3.57,Denmark_East,DK2
2025-01-02 02:00:00,6.89,Denmark_East,DK2
2025-01-02 03:00:00,12.75,Denmark_East,DK2
2025-01-02 04:00:00,22.65,Denmark_East,DK2
2025-01-02 05:00:00,50.96,Denmark_East,DK2
2025-01-02 06:00:00,98.83,Denmark_East,DK2
2025-01-02 07:00:00,121.53,Denmark_East,DK2
2025-01-02 08:00:00,127.23,Denmark_East,DK2
2025-01-02 09:00:00,124.53,Denmark_East,DK2
2025-01-02 10:00:00,111.58,Denmark_East,DK2
2025-01-02 11:00:00,100.4,Denmark_East,DK2
2025-01-02 12:00:00,105.49,Denmark_East,DK2
2025-01-02 13:00:00,111.79,Denmark_East,DK2
2025-01-02 14:00:00,126.79,Denmark_East,DK2
2025-01-02 15:00:00,135.27,Denmark_East,DK2
2025-01-02 16:00:00,149.78,Denmark_East,DK2
2025-01-02 17:00:00,145.92,Denmark_East,DK2
2025-01-02 18:00:00,107.37,Denmark_East,DK2
2025-01-02 19:00:00,102.61,Denmark_East,DK2
2025-01-02 20:00:00,77.94,Denmark_East,DK2
2025-01-02 21:00:00,61.5,Denmark_East,DK2
2025-01-02 22:00:00,48.89,Denmark_East,DK2
2025-01-02 23:00:00,42.69,Denmark_East,DK2
2025-01-03 00:00:00,38.13,Denmark_East,DK2
2025-01-03 01:00:00,35.21,Denmark_East,DK2
2025-01-03 02:00:00,33.43,Denmark_East,DK2
2025-01-03 03:00:00,30.08,Denmark_East,DK2
2025-01-03 04:00:00,30.85,Denmark_East,DK2
2025-01-03 05:00:00,38.44,Denmark_East,DK2
2025-01-03 06:00:00,52.09,Denmark_East,DK2
2025-01-03 07:00:00,80.51,Denmark_East,DK2
2025-01-03 08:00:00,79.42,Denmark_East,DK2
2025-01-03 09:00:00,75.69,Denmark_East,DK2
2025-01-03 10:00:00,67.54,Denmark_East,DK2
2025-01-03 11:00:00,54.32,Denmark_East,DK2
2025-01-03 12:00:00,52.8,Denmark_East,DK2
2025-01-03 13:00:00,53.75,Denmark_East,DK2
2025-01-03 14:00:00,72.89,Denmark_East,DK2
2025-01-03 15:00:00,100.47,Denmark_East,DK2
2025-01-03 16:00:00,105.79,Denmark_East,DK2
2025-01-03 17:00:00,108.51,Denmark_East,DK2
2025-01-03 18:00:00,100.69,Denmark_East,DK2
2025-01-03 19:00:00,82.76,Denmark_East,DK2
2025-01-03 20:00:00,80.72,Denmark_East,DK2
2025-01-03 21:00:00,67.13,Denmark_East,DK2
2025-01-03 22:00:00,67.76,Denmark_East,DK2
2025-01-03 23:00:00,60.59,Denmark_East,DK2
2025-01-04 00:00:00,81.97,Denmark_East,DK2
2025-01-04 01:00:00,90.2,Denmark_East,DK2
2025-01-04 02:00:00,91.53,Denmark_East,DK2
2025-01-04 03:00:00,95.95,Denmark_East,DK2
2025-01-04 04:00:00,102.11,Denmark_East,DK2
2025-01-04 05:00:00,110.66,Denmark_East,DK2
2025-01-04 06:00:00,119.96,Denmark_East,DK2
2025-01-04 07:00:00,128.39,Denmark_East,DK2
2025-01-04 08:00:00,130.75,Denmark_East,DK2
2025-01-04 09:00:00,130.35,Denmark_East,DK2
2025-01-04 10:00:00,128.29,Denmark_East,DK2
2025-01-04 11:00:00,130.03,Denmark_East,DK2
2025-01-04 12:00:00,129.85,Denmark_East,DK2
2025-01-04 13:00:00,136.4,Denmark_East,DK2
2025-01-04 14:00:00,138.73,Denmark_East,DK2
2025-01-04 15:00:00,142.01,Denmark_East,DK2
2025-01-04 16:00:00,151.24,Denmark_East,DK2
2025-01-04 17:00:00,143.86,Denmark_East,DK2
2025-01-04 18:00:00,137.97,Denmark_East,DK2
2025-01-04 19:00:00,129.5,Denmark_East,DK2
2025-01-04 20:00:00,122.85,Denmark_East,DK2
2025-01-04 21:00:00,118.29,Denmark_East,DK2
2025-01-04 22:00:00,109.5,Denmark_East,DK2
2025-01-04 23:00:00,113.85,Denmark_East,DK2
2025-01-05 00:00:00,100.33,Denmark_East,DK2
2025-01-05 01:00:00,93.61,Denmark_East,DK2
2025-01-05 02:00:00,93.88,Denmark_East,DK2
2025-01-05 03:00:00,89.39,Denmark_East,DK2
2025-01-05 04:00:00,83.55,Denmark_East,DK2
2025-01-05 05:00:00,83.93,Denmark_East,DK2
2025-01-05 06:00:00,81.52,Denmark_East,DK2
2025-01-05 07:00:00,85.07,Denmark_East,DK2
2025-01-05 08:00:00,89.16,Denmark_East,DK2
2025-01-05 09:00:00,83.93,Denmark_East,DK2
2025-01-05 10:00:00,89.6,Denmark_East,DK2
2025-01-05 11:00:00,82.34,Denmark_East,DK2
2025-01-05 12:00:00,78.4,Denmark_East,DK2
2025-01-05 13:00:00,68.0,Denmark_East,DK2
2025-01-05 14:00:00,51.82,Denmark_East,DK2
2025-01-05 15:00:00,51.03,Denmark_East,DK2
2025-01-05 16:00:00,66.38,Denmark_East,DK2
2025-01-05 17:00:00,63.84,Denmark_East,DK2
2025-01-05 18:00:00,51.28,Denmark_East,DK2
2025-01-05 19:00:00,36.85,Denmark_East,DK2
2025-01-05 20:00:00,36.86,Denmark_East,DK2
2025-01-05 21:00:00,34.61,Denmark_East,DK2
2025-01-05 22:00:00,28.14,Denmark_East,DK2
2025-01-05 23:00:00,27.52,Denmark_East,DK2
2025-01-06 00:00:00,23.76,Denmark_East,DK2
2025-01-06 01:00:00,19.62,Denmark_East,DK2
2025-01-06 02:00:00,16.76,Denmark_East,DK2
2025-01-06 03:00:00,15.56,Denmark_East,DK2
2025-01-06 04:00:00,14.88,Denmark_East,DK2
2025-01-06 05:00:00,25.01,Denmark_East,DK2
2025-01-06 06:00:00,30.53,Denmark_East,DK2
2025-01-06 07:00:00,40.58,Denmark_East,DK2
2025-01-06 08:00:00,36.2,Denmark_East,DK2
2025-01-06 09:00:00,34.69,Denmark_East,DK2
2025-01-06 10:00:00,32.83,Denmark_East,DK2
2025-01-06 11:00:00,31.28,Denmark_East,DK2
2025-01-06 12:00:00,28.6,Denmark_East,DK2
2025-01-06 13:00:00,25.6,Denmark_East,DK2
2025-01-06 14:00:00,26.32,Denmark_East,DK2
2025-01-06 15:00:00,26.87,Denmark_East,DK2
2025-01-06 16:00:00,31.67,Denmark_East,DK2
2025-01-06 17:00:00,31.59,Denmark_East,DK2
2025-01-06 18:00:00,27.93,Denmark_East,DK2
2025-01-06 19:00:00,23.08,Denmark_East,DK2
2025-01-06 20:00:00,13.65,Denmark_East,DK2
2025-01-06 21:00:00,15.49,Denmark_East,DK2
2025-01-06 22:00:00,8.27,Denmark_East,DK2
2025-01-06 23:00:00,10.61,Denmark_East,DK2
2025-01-07 00:00:00,8.71,Denmark_East,DK2
2025-01-07 01:00:00,5.3,Denmark_East,DK2
2025-01-07 02:00:00,5.01,Denmark_East,DK2
2025-01-07 03:00:00,5.13,Denmark_East,DK2
2025-01-07 04:00:00,5.8,Denmark_East,DK2
2025-01-07 05:00:00,28.08,Denmark_East,DK2
2025-01-07 06:00:00,36.01,Denmark_East,DK2
2025-01-07 07:00:00,37.23,Denmark_East,DK2
2025-01-07 08:00:00,35.01,Denmark_East,DK2
2025-01-07 09:00:00,34.27,Denmark_East,DK2
2025-01-07 10:00:00,34.65,Denmark_East,DK2
2025-01-07 11:00:00,33.33,Denmark_East,DK2
2025-01-07 12:00:00,33.27,Denmark_East,DK2
2025-01-07 13:00:00,33.28,Denmark_East,DK2
2025-01-07 14:00:00,33.25,Denmark_East,DK2
2025-01-07 15:00:00,35.04,Denmark_East,DK2
2025-01-07 16:00:00,44.26,Denmark_East,DK2
2025-01-07 17:00:00,35.01,Denmark_East,DK2
2025-01-07 18:00:00,33.53,Denmark_East,DK2
2025-01-07 19:00:00,23.25,Denmark_East,DK2
2025-01-07 20:00:00,22.43,Denmark_East,DK2
2025-01-07 21:00:00,23.22,Denmark_East,DK2
2025-01-07 22:00:00,12.42,Denmark_East,DK2
2024-12-31 23:00:00,12.36,France,FR
2025-01-01 00:00:00,18.92,France,FR
2025-01-01 01:00:00,16.66,France,FR
2025-01-01 02:00:00,13.1,France,FR
2025-01-01 03:00:00,5.9,France,FR
2025-01-01 04:00:00,9.27,France,FR
2025-01-01 05:00:00,10.04,France,FR
2025-01-01 06:00:00,7.23,France,FR
2025-01-01 07:00:00,12.83,France,FR
2025-01-01 08:00:00,13.76,France,FR
2025-01-01 09:00:00,17.95,France,FR
2025-01-01 10:00:00,20.59,France,FR
2025-01-01 11:00:00,28.11,France,FR
2025-01-01 12:00:00,30.0,France,FR
2025-01-01 13:00:00,21.5,France,FR
2025-01-01 14:00:00,10.68,France,FR
2025-01-01 15:00:00,20.18,France,FR
2025-01-01 16:00:00,35.72,France,FR
2025-01-01 17:00:00,48.06,France,FR
2025-01-01 18:00:00,50.14,France,FR
2025-01-01 19:00:00,41.5,France,FR
2025-01-01 20:00:00,34.93,France,FR
2025-01-01 21:00:00,34.69,France,FR
2025-01-01 22:00:00,28.04,France,FR
2025-01-01 23:00:00,39.84,France,FR
2025-01-02 00:00:00,44.1,France,FR
2025-01-02 01:00:00,44.7,France,FR
2025-01-02 02:00:00,42.92,France,FR
2025-01-02 03:00:00,40.15,France,FR
2025-01-02 04:00:00,52.51,France,FR
2025-01-02 05:00:00,93.3,France,FR
2025-01-02 06:00:00,120.03,France,FR
2025-01-02 07:00:00,135.52,France,FR
2025-01-02 08:00:00,136.48,France,FR
2025-01-02 09:00:00,129.04,France,FR
2025-01-02 10:00:00,125.7,France,FR
2025-01-02 11:00:00,125.72,France,FR
2025-01-02 12:00:00,119.3,France,FR
2025-01-02 13:00:00,124.65,France,FR
2025-01-02 14:00:00,130.11,France,FR
2025-01-02 15:00:00,139.5,France,FR
2025-01-02 16:00:00,153.4,France,FR
2025-01-02 17:00:00,153.15,France,FR
2025-01-02 18:00:00,146.66,France,FR
2025-01-02 19:00:00,130.6,France,FR
2025-01-02 20:00:00,120.62,France,FR
2025-01-02 21:00:00,117.89,France,FR
2025-01-02 22:00:00,118.56,France,FR
2025-01-02 23:00:00,103.88,France,FR
2025-01-03 00:00:00,95.18,France,FR
2025-01-03 01:00:00,89.94,France,FR
2025-01-03 02:00:00,87.67,France,FR
2025-01-03 03:00:00,84.06,France,FR
2025-01-03 04:00:00,92.25,France,FR
2025-01-03 05:00:00,100.14,France,FR
2025-01-03 06:00:00,119.27,France,FR
2025-01-03 07:00:00,127.28,France,FR
2025-01-03 08:00:00,132.97,France,FR
2025-01-03 09:00:00,130.52,France,FR
2025-01-03 10:00:00,123.2,France,FR
2025-01-03 11:00:00,113.51,France,FR
2025-01-03 12:00:00,107.6,France,FR
2025-01-03 13:00:00,105.88,France,FR
2025-01-03 14:00:00,110.22,France,FR
2025-01-03 15:00:00,123.2,France,FR
2025-01-03 16:00:00,141.2,France,FR
2025-01-03 17:00:00,144.48,France,FR
2025-01-03 18:00:00,141.43,France,FR
2025-01-03 19:00:00,133.2,France,FR
2025-01-03 20:00:00,119.9,France,FR
2025-01-03 21:00:00,123.58,France,FR
2025-01-03 22:00:00,126.09,France,FR
2025-01-03 23:00:00,109.06,France,FR
2025-01-04 00:00:00,101.0,France,FR
2025-01-04 01:00:00,95.53,France,FR
2025-01-04 02:00:00,94.33,France,FR
2025-01-04 03:00:00,96.62,France,FR
2025-01-04 04:00:00,102.63,France,FR
2025-01-04 05:00:00,110.89,France,FR
2025-01-04 06:00:00,120.25,France,FR
2025-01-04 07:00:00,128.39,France,FR
2025-01-04 08:00:00,130.75,France,FR
2025-01-04 09:00:00,130.34,France,FR
2025-01-04 10:00:00,128.29,France,FR
2025-01-04 11:00:00,130.03,France,FR
2025-01-04 12:00:00,129.85,France,FR
2025-01-04 13:00:00,136.4,France,FR
2025-01-04 14:00:00,138.89,France,FR
2025-01-04 15:00:00,133.52,France,FR
2025-01-04 16:00:00,136.78,France,FR
2025-01-04 17:00:00,145.0,France,FR
2025-01-04 18:00:00,139.73,France,FR
2025-01-04 19:00:00,130.49,France,FR
2025-01-04 20:00:00,123.82,France,FR
2025-01-04 21:00:00,119.23,France,FR
2025-01-04 22:00:00,109.9,France,FR
2025-01-04 23:00:00,101.77,France,FR
2025-01-05 00:00:00,70.5,France,FR
2025-01-05 01:00:00,64.81,France,FR
2025-01-05 02:00:00,46.7,France,FR
2025-01-05 03:00:00,43.87,France,FR
2025-01-05 04:00:00,36.61,France,FR
2025-01-05 05:00:00,34.04,France,FR
2025-01-05 06:00:00,44.0,France,FR
2025-01-05 07:00:00,51.27,France,FR
2025-01-05 08:00:00,50.0,France,FR
2025-01-05 09:00:00,49.81,France,FR
2025-01-05 10:00:00,43.05,France,FR
2025-01-05 11:00:00,45.74,France,FR
2025-01-05 12:00:00,35.19,France,FR
2025-01-05 13:00:00,30.0,France,FR
2025-01-05 14:00:00,28.0,France,FR
2025-01-05 15:00:00,35.22,France,FR
2025-01-05 16:00:00,57.72,France,FR
2025-01-05 17:00:00,64.81,France,FR
2025-01-05 18:00:00,59.06,France,FR
2025-01-05 19:00:00,50.97,France,FR
2025-01-05 20:00:00,48.89,France,FR
2025-01-05 21:00:00,38.22,France,FR
2025-01-05 22:00:00,20.55,France,FR
2025-01-05 23:00:00,13.28,France,FR
2025-01-06 00:00:00,8.35,France,FR
2025-01-06 01:00:00,5.23,France,FR
2025-01-06 02:00:00,3.52,France,FR
2025-01-06 03:00:00,3.52,France,FR
2025-01-06 04:00:00,5.61,France,FR
2025-01-06 05:00:00,11.27,France,FR
2025-01-06 06:00:00,37.0,France,FR
2025-01-06 07:00:00,58.15,France,FR
2025-01-06 08:00:00,51.15,France,FR
2025-01-06 09:00:00,40.81,France,FR
2025-01-06 10:00:00,32.83,France,FR
2025-01-06 11:00:00,31.28,France,FR
2025-01-06 12:00:00,28.6,France,FR
2025-01-06 13:00:00,26.95,France,FR
2025-01-06 14:00:00,26.32,France,FR
2025-01-06 15:00:00,38.49,France,FR
2025-01-06 16:00:00,67.5,France,FR
2025-01-06 17:00:00,88.34,France,FR
2025-01-06 18:00:00,79.66,France,FR
2025-01-06 19:00:00,67.18,France,FR
2025-01-06 20:00:00,48.79,France,FR
2025-01-06 21:00:00,48.02,France,FR
2025-01-06 22:00:00,28.8,France,FR
2025-01-06 23:00:00,20.88,France,FR
2025-01-07 00:00:00,6.66,France,FR
2025-01-07 01:00:00,12.54,France,FR
2025-01-07 02:00:00,5.59,France,FR
2025-01-07 03:00:00,0.4,France,FR
2025-01-07 04:00:00,12.49,France,FR
2025-01-07 05:00:00,60.01,France,FR
2025-01-07 06:00:00,97.56,France,FR
2025-01-07 07:00:00,115.0,France,FR
2025-01-07 08:00:00,105.18,France,FR
2025-01-07 09:00:00,93.49,France,FR
2025-01-07 10:00:00,74.93,France,FR
2025-01-07 11:00:00,71.25,France,FR
2025-01-07 12:00:00,73.12,France,FR
2025-01-07 13:00:00,79.76,France,FR
2025-01-07 14:00:00,85.0,France,FR
2025-01-07 15:00:00,100.64,France,FR
2025-01-07 16:00:00,118.34,France,FR
2025-01-07 17:00:00,128.87,France,FR
2025-01-07 18:00:00,125.0,France,FR
2025-01-07 19:00:00,107.24,France,FR
2025-01-07 20:00:00,100.55,France,FR
2025-01-07 21:00:00,98.53,France,FR
2025-01-07 22:00:00,89.27,France,FR
2024-12-31 23:00:00,13.62,Netherlands,NL
2025-01-01 00:00:00,6.24,Netherlands,NL
2025-01-01 01:00:00,4.16,Netherlands,NL
2025-01-01 02:00:00,3.28,Netherlands,NL
2025-01-01 03:00:00,0.68,Netherlands,NL
2025-01-01 04:00:00,0.0,Netherlands,NL
2025-01-01 05:00:00,0.76,Netherlands,NL
2025-01-01 06:00:00,0.79,Netherlands,NL
2025-01-01 07:00:00,1.89,Netherlands,NL
2025-01-01 08:00:00,7.5,Netherlands,NL
2025-01-01 09:00:00,27.32,Netherlands,NL
2025-01-01 10:00:00,37.49,Netherlands,NL
2025-01-01 11:00:00,60.1,Netherlands,NL
2025-01-01 12:00:00,63.32,Netherlands,NL
2025-01-01 13:00:00,47.0,Netherlands,NL
2025-01-01 14:00:00,50.1,Netherlands,NL
2025-01-01 15:00:00,27.64,Netherlands,NL
2025-01-01 16:00:00,79.97,Netherlands,NL
2025-01-01 17:00:00,95.0,Netherlands,NL
2025-01-01 18:00:00,95.0,Netherlands,NL
2025-01-01 19:00:00,81.49,Netherlands,NL
2025-01-01 20:00:00,68.96,Netherlands,NL
2025-01-01 21:00:00,46.37,Netherlands,NL
2025-01-01 22:00:00,38.0,Netherlands,NL
2025-01-01 23:00:00,101.94,Netherlands,NL
2025-01-02 00:00:00,146.95,Netherlands,NL
2025-01-02 01:00:00,148.44,Netherlands,NL
2025-01-02 02:00:00,138.0,Netherlands,NL
2025-01-02 03:00:00,100.1,Netherlands,NL
2025-01-02 04:00:00,107.47,Netherlands,NL
2025-01-02 05:00:00,154.68,Netherlands,NL
2025-01-02 06:00:00,174.7,Netherlands,NL
2025-01-02 07:00:00,175.07,Netherlands,NL
2025-01-02 08:00:00,165.37,Netherlands,NL
2025-01-02 09:00:00,136.0,Netherlands,NL
2025-01-02 10:00:00,111.93,Netherlands,NL
2025-01-02 11:00:00,101.52,Netherlands,NL
2025-01-02 12:00:00,105.6,Netherlands,NL
2025-01-02 13:00:00,118.95,Netherlands,NL
2025-01-02 14:00:00,130.11,Netherlands,NL
2025-01-02 15:00:00,138.81,Netherlands,NL
2025-01-02 16:00:00,153.0,Netherlands,NL
2025-01-02 17:00:00,152.99,Netherlands,NL
2025-01-02 18:00:00,128.0,Netherlands,NL
2025-01-02 19:00:00,129.17,Netherlands,NL
2025-01-02 20:00:00,120.0,Netherlands,NL
2025-01-02 21:00:00,119.9,Netherlands,NL
2025-01-02 22:00:00,116.07,Netherlands,NL
2025-01-02 23:00:00,114.32,Netherlands,NL
2025-01-03 00:00:00,115.0,Netherlands,NL
2025-01-03 01:00:00,103.0,Netherlands,NL
2025-01-03 02:00:00,98.0,Netherlands,NL
2025-01-03 03:00:00,78.15,Netherlands,NL
2025-01-03 04:00:00,71.0,Netherlands,NL
2025-01-03 05:00:00,68.96,Netherlands,NL
2025-01-03 06:00:00,86.0,Netherlands,NL
2025-01-03 07:00:00,112.64,Netherlands,NL
2025-01-03 08:00:00,134.51,Netherlands,NL
2025-01-03 09:00:00,100.0,Netherlands,NL
2025-01-03 10:00:00,86.6,Netherlands,NL
2025-01-03 11:00:00,83.8,Netherlands,NL
2025-01-03 12:00:00,97.2,Netherlands,NL
2025-01-03 13:00:00,117.05,Netherlands,NL
2025-01-03 14:00:00,149.99,Netherlands,NL
2025-01-03 15:00:00,125.8,Netherlands,NL
2025-01-03 16:00:00,149.93,Netherlands,NL
2025-01-03 17:00:00,133.2,Netherlands,NL
2025-01-03 18:00:00,124.3,Netherlands,NL
2025-01-03 19:00:00,125.0,Netherlands,NL
2025-01-03 20:00:00,155.2,Netherlands,NL
2025-01-03 21:00:00,133.2,Netherlands,NL
2025-01-03 22:00:00,192.7,Netherlands,NL
2025-01-03 23:00:00,136.4,Netherlands,NL
2025-01-04 00:00:00,130.39,Netherlands,NL
2025-01-04 01:00:00,106.7,Netherlands,NL
2025-01-04 02:00:00,99.0,Netherlands,NL
2025-01-04 03:00:00,96.09,Netherlands,NL
2025-01-04 04:00:00,102.22,Netherlands,NL
2025-01-04 05:00:00,110.7,Netherlands,NL
2025-01-04 06:00:00,120.02,Netherlands,NL
2025-01-04 07:00:00,128.39,Netherlands,NL
2025-01-04 08:00:00,130.75,Netherlands,NL
2025-01-04 09:00:00,130.34,Netherlands,NL
2025-01-04 10:00:00,128.29,Netherlands,NL
2025-01-04 11:00:00,130.03,Netherlands,NL
2025-01-04 12:00:00,129.85,Netherlands,NL
2025-01-04 13:00:00,136.4,Netherlands,NL
2025-01-04 14:00:00,138.76,Netherlands,NL
2025-01-04 15:00:00,141.2,Netherlands,NL
2025-01-04 16:00:00,149.83,Netherlands,NL
2025-01-04 17:00:00,144.17,Netherlands,NL
2025-01-04 18:00:00,138.38,Netherlands,NL
2025-01-04 19:00:00,129.73,Netherlands,NL
2025-01-04 20:00:00,123.07,Netherlands,NL
2025-01-04 21:00:00,118.54,Netherlands,NL
2025-01-04 22:00:00,109.61,Netherlands,NL
2025-01-04 23:00:00,111.61,Netherlands,NL
2025-01-05 00:00:00,94.76,Netherlands,NL
2025-01-05 01:00:00,85.62,Netherlands,NL
2025-01-05 02:00:00,82.94,Netherlands,NL
2025-01-05 03:00:00,74.73,Netherlands,NL
2025-01-05 04:00:00,67.0,Netherlands,NL
2025-01-05 05:00:00,65.67,Netherlands,NL
2025-01-05 06:00:00,64.22,Netherlands,NL
2025-01-05 07:00:00,75.5,Netherlands,NL
2025-01-05 08:00:00,75.7,Netherlands,NL
2025-01-05 09:00:00,82.95,Netherlands,NL
2025-01-05 10:00:00,80.02,Netherlands,NL
2025-01-05 11:00:00,81.66,Netherlands,NL
2025-01-05 12:00:00,65.32,Netherlands,NL
2025-01-05 13:00:00,59.67,Netherlands,NL
2025-01-05 14:00:00,49.98,Netherlands,NL
2025-01-05 15:00:00,49.91,Netherlands,NL
2025-01-05 16:00:00,63.23,Netherlands,NL
2025-01-05 17:00:00,61.13,Netherlands,NL
2025-01-05 18:00:00,52.08,Netherlands,NL
2025-01-05 19:00:00,40.88,Netherlands,NL
2025-01-05 20:00:00,39.0,Netherlands,NL
2025-01-05 21:00:00,32.48,Netherlands,NL
2025-01-05 22:00:00,20.36,Netherlands,NL
2025-01-05 23:00:00,25.99,Netherlands,NL
2025-01-06 00:00:00,9.65,Netherlands,NL
2025-01-06 01:00:00,6.2,Netherlands,NL
2025-01-06 02:00:00,2.77,Netherlands,NL
2025-01-06 03:00:00,1.97,Netherlands,NL
2025-01-06 04:00:00,3.69,Netherlands,NL
2025-01-06 05:00:00,10.0,Netherlands,NL
2025-01-06 06:00:00,45.54,Netherlands,NL
2025-01-06 07:00:00,72.0,Netherlands,NL
2025-01-06 08:00:00,77.03,Netherlands,NL
2025-01-06 09:00:00,60.0,Netherlands,NL
2025-01-06 10:00:00,40.28,Netherlands,NL
2025-01-06 11:00:00,42.06,Netherlands,NL
2025-01-06 12:00:00,45.06,Netherlands,NL
2025-01-06 13:00:00,64.57,Netherlands,NL
2025-01-06 14:00:00,77.94,Netherlands,NL
2025-01-06 15:00:00,77.92,Netherlands,NL
2025-01-06 16:00:00,102.91,Netherlands,NL
2025-01-06 17:00:00,126.66,Netherlands,NL
2025-01-06 18:00:00,119.95,Netherlands,NL
2025-01-06 19:00:00,99.9,Netherlands,NL
2025-01-06 20:00:00,79.94,Netherlands,NL
2025-01-06 21:00:00,73.43,Netherlands,NL
2025-01-06 22:00:00,50.96,Netherlands,NL
2025-01-06 23:00:00,19.51,Netherlands,NL
2025-01-07 00:00:00,8.71,Netherlands,NL
2025-01-07 01:00:00,8.9,Netherlands,NL
2025-01-07 02:00:00,5.01,Netherlands,NL
2025-01-07 03:00:00,5.13,Netherlands,NL
2025-01-07 04:00:00,5.8,Netherlands,NL
2025-01-07 05:00:00,60.0,Netherlands,NL
2025-01-07 06:00:00,116.56,Netherlands,NL
2025-01-07 07:00:00,165.98,Netherlands,NL
2025-01-07 08:00:00,138.5,Netherlands,NL
2025-01-07 09:00:00,110.74,Netherlands,NL
2025-01-07 10:00:00,79.95,Netherlands,NL
2025-01-07 11:00:00,70.1,Netherlands,NL
2025-01-07 12:00:00,67.33,Netherlands,NL
2025-01-07 13:00:00,75.0,Netherlands,NL
2025-01-07 14:00:00,84.9,Netherlands,NL
2025-01-07 15:00:00,125.58,Netherlands,NL
2025-01-07 16:00:00,160.7,Netherlands,NL
2025-01-07 17:00:00,173.86,Netherlands,NL
2025-01-07 18:00:00,127.5,Netherlands,NL
2025-01-07 19:00:00,102.9,Netherlands,NL
2025-01-07 20:00:00,97.6,Netherlands,NL
2025-01-07 21:00:00,82.2,Netherlands,NL
2025-01-07 22:00:00,80.01,Netherlands,NL
